Workout start time,Workout end time,Activity name,Activity Strain,Energy burned (cal),Max HR (bpm)
2026-06-23 17:00:00,2026-06-23 17:32:00,Running,7.2,240,148
2026-06-26 07:07:00,2026-06-26 07:50:00,Cycling,8.9,366,153
2026-06-29 17:14:00,2026-06-29 18:08:00,Strength training,10.6,513,158
2026-07-02 07:21:00,2026-07-02 08:26:00,Walking,12.3,683,163
2026-07-05 17:28:00,2026-07-05 18:44:00,Running,14.0,570,168
2026-07-08 07:35:00,2026-07-08 08:13:00,Cycling,7.2,323,173
2026-07-11 17:42:00,2026-07-11 18:31:00,Strength training,8.9,466,178
2026-07-14 07:49:00,2026-07-14 08:49:00,Walking,10.6,630,149
2026-07-17 17:06:00,2026-07-17 18:17:00,Running,12.3,533,154
2026-07-20 07:13:00,2026-07-20 07:46:00,Cycling,14.0,281,159
2026-07-23 17:20:00,2026-07-23 18:04:00,Strength training,7.2,418,164
2026-07-26 07:27:00,2026-07-26 08:22:00,Walking,8.9,578,169

