Cycle start time,Sleep onset,Wake onset,Recovery score %,Resting heart rate (bpm),Heart rate variability (ms),Day Strain,Energy burned (cal),Respiratory rate (rpm),Blood oxygen %,Skin temp (celsius),Asleep duration (min),In bed duration (min),Light sleep duration (min),Deep (SWS) duration (min),REM duration (min),Awake duration (min),Sleep performance %
2026-06-20 22:45:00,2026-06-20 22:45:00,2026-06-21 07:15:00,73,59,55,13.2,2541,14.5,96.4,33.4,448,482,246,90,112,34,92.9
2026-06-21 22:45:00,2026-06-21 22:45:00,2026-06-22 07:15:00,84,57,62,14.4,2648,14.7,96.6,33.5,461,502,251,95,115,41,91.8
2026-06-22 22:45:00,2026-06-22 22:45:00,2026-06-23 07:15:00,91,55,68,14.7,2674,14.8,96.9,33.6,472,520,256,100,116,48,90.8
2026-06-23 22:45:00,2026-06-23 22:45:00,2026-06-24 07:15:00,91,54,73,14.1,2614,14.9,97.0,33.7,479,534,259,104,116,55,89.7
2026-06-24 22:45:00,2026-06-24 22:45:00,2026-06-25 07:15:00,85,54,75,12.7,2479,15.1,97.2,33.7,482,521,261,107,114,39,92.5
2026-06-25 22:45:00,2026-06-25 22:45:00,2026-06-26 07:15:00,74,54,75,10.9,2297,15.1,97.2,33.8,480,526,261,108,111,46,91.3
2026-06-26 22:45:00,2026-06-26 22:45:00,2026-06-27 07:15:00,62,55,72,8.9,2105,15.2,97.2,33.8,473,526,261,106,106,53,89.9
2026-06-27 22:45:00,2026-06-27 22:45:00,2026-06-28 07:15:00,51,57,68,7.3,1943,15.2,97.1,33.9,462,499,258,103,101,37,92.6
2026-06-28 22:45:00,2026-06-28 22:45:00,2026-06-29 07:15:00,45,59,62,6.4,1843,15.2,96.9,33.9,448,492,253,99,96,44,91.1
2026-06-29 22:45:00,2026-06-29 22:45:00,2026-06-30 07:15:00,46,60,56,6.4,1824,15.1,96.7,33.9,432,483,248,93,91,51,89.4
2026-06-30 22:45:00,2026-06-30 22:45:00,2026-07-01 07:15:00,53,61,52,7.3,1886,15.0,96.4,33.9,416,451,241,88,87,35,92.2
2026-07-01 22:45:00,2026-07-01 22:45:00,2026-07-02 07:15:00,63,61,49,8.8,2013,14.9,96.2,33.9,402,444,235,82,85,42,90.5
2026-07-02 22:45:00,2026-07-02 22:45:00,2026-07-03 07:15:00,73,61,49,10.7,2174,14.8,96.0,33.8,391,440,231,77,83,49,88.9
2026-07-03 22:45:00,2026-07-03 22:45:00,2026-07-04 07:15:00,79,59,51,12.6,2329,14.6,95.8,33.8,384,440,228,73,83,56,87.3
2026-07-04 22:45:00,2026-07-04 22:45:00,2026-07-05 07:15:00,78,58,55,14.0,2443,14.4,95.7,33.7,382,422,226,71,85,40,90.5
2026-07-05 22:45:00,2026-07-05 22:45:00,2026-07-06 07:15:00,72,55,61,14.7,2486,14.3,95.6,33.6,384,431,227,69,88,47,89.1
2026-07-06 22:45:00,2026-07-06 22:45:00,2026-07-07 07:15:00,62,53,68,14.4,2446,14.1,95.6,33.5,391,445,230,69,92,54,87.9
2026-07-07 22:45:00,2026-07-07 22:45:00,2026-07-08 07:15:00,51,51,75,13.3,2328,14.0,95.7,33.4,401,439,235,70,96,38,91.3
2026-07-08 22:45:00,2026-07-08 22:45:00,2026-07-09 07:15:00,43,50,81,11.6,2155,13.9,95.9,33.4,413,458,240,72,101,45,90.2
2026-07-09 22:45:00,2026-07-09 22:45:00,2026-07-10 07:15:00,41,50,85,9.6,1961,13.8,96.1,33.3,426,478,245,75,106,52,89.1
2026-07-10 22:45:00,2026-07-10 22:45:00,2026-07-11 07:15:00,46,51,86,7.9,1786,13.8,96.3,33.2,437,473,249,79,109,36,92.4
2026-07-11 22:45:00,2026-07-11 22:45:00,2026-07-12 07:15:00,56,52,84,6.7,1666,13.8,96.6,33.1,446,489,252,83,111,43,91.2
2026-07-12 22:45:00,2026-07-12 22:45:00,2026-07-13 07:15:00,69,54,79,6.3,1626,13.8,96.8,33.0,451,501,254,86,111,50,90.0
2026-07-13 22:45:00,2026-07-13 22:45:00,2026-07-14 07:15:00,81,57,72,6.8,1672,13.9,97.0,33.0,452,486,252,90,110,34,93.0
2026-07-14 22:45:00,2026-07-14 22:45:00,2026-07-15 07:15:00,88,59,64,8.2,1794,14.0,97.1,32.9,449,490,250,92,107,41,91.6
2026-07-15 22:45:00,2026-07-15 22:45:00,2026-07-16 07:15:00,88,61,56,10.0,1966,14.1,97.2,32.9,442,490,246,93,103,48,90.2
2026-07-16 22:45:00,2026-07-16 22:45:00,2026-07-17 07:15:00,83,61,49,12.0,2149,14.3,97.2,32.9,433,488,241,94,98,55,88.7
2026-07-17 22:45:00,2026-07-17 22:45:00,2026-07-18 07:15:00,73,61,43,13.6,2306,14.4,97.1,32.9,422,461,236,93,93,39,91.5
2026-07-18 22:45:00,2026-07-18 22:45:00,2026-07-19 07:15:00,62,61,40,14.5,2402,14.6,96.9,32.9,412,458,231,92,89,46,90.0
2026-07-19 22:45:00,2026-07-19 22:45:00,2026-07-20 07:15:00,55,59,40,14.6,2420,14.8,96.7,33.0,403,456,227,91,85,53,88.4
2026-07-20 22:45:00,2026-07-20 22:45:00,2026-07-21 07:15:00,53,58,42,13.8,2356,14.9,96.5,33.0,398,435,225,89,84,37,91.5
2026-07-21 22:45:00,2026-07-21 22:45:00,2026-07-22 07:15:00,58,56,47,12.3,2227,15.0,96.3,33.1,397,441,225,88,84,44,90.0
2026-07-22 22:45:00,2026-07-22 22:45:00,2026-07-23 07:15:00,67,54,54,10.4,2064,15.1,96.0,33.2,400,451,228,87,85,51,88.7
2026-07-23 22:45:00,2026-07-23 22:45:00,2026-07-24 07:15:00,77,54,60,8.5,1905,15.2,95.8,33.2,407,442,233,86,88,35,92.1
2026-07-24 22:45:00,2026-07-24 22:45:00,2026-07-25 07:15:00,86,54,67,7.0,1787,15.2,95.7,33.3,418,460,240,86,92,42,90.9
2026-07-25 22:45:00,2026-07-25 22:45:00,2026-07-26 07:15:00,89,55,71,6.3,1741,15.2,95.6,33.4,432,481,248,86,98,49,89.8
2026-07-26 22:45:00,2026-07-26 22:45:00,2026-07-27 07:15:00,86,56,74,6.5,1778,15.1,95.6,33.5,447,503,257,86,104,56,88.9
2026-07-27 22:45:00,2026-07-27 22:45:00,2026-07-28 07:15:00,77,58,74,7.6,1895,15.1,95.7,33.6,461,501,265,86,110,40,92.0
2026-07-28 22:45:00,2026-07-28 22:45:00,2026-07-29 07:15:00,64,60,72,9.3,2070,14.9,95.8,33.7,473,520,272,86,115,47,91.0
2026-07-29 22:45:00,2026-07-29 22:45:00,2026-07-30 07:15:00,52,62,68,11.3,2269,14.8,96.0,33.7,482,536,277,86,119,54,89.9
2026-07-30 22:45:00,2026-07-30 22:45:00,2026-07-31 07:15:00,44,63,62,13.0,2452,14.7,96.3,33.8,486,524,280,85,121,38,92.7
2026-07-31 22:45:00,2026-07-31 22:45:00,2026-08-01 07:15:00,42,64,57,14.3,2582,14.5,96.5,33.8,484,529,278,85,121,45,91.5

